word,meaning,සෙල්ලිපි අංකය
,,6
තිශ,තිස්සා,6
ශමනිය,භික්ෂුණියගේ,6
ලෙ​නෙ,ලෙන,6
ශගශ,සංඝයාට,6
,,8
උපශික,උපාසිකා,8
තිශය,තිස්සාගේ,8
ලෙනෙ,ලෙන,8
,,35
මනපදශනෙ,තිස්සභූතිගේ,35
තිශබුතිය,මනාපදස්සන,35
,,45
ශුමනගුතශ,සුමනගුත්තගේ,45
ලෙනෙ,ලෙන,45
ශගශ,සංඝයාට,45
,,55
ශොණගුත,සොණගුත්ත,55
තෙරශ,තෙරුණ්ගේ,55
ලෙණෙ,ලෙ​ණේ,55
ශගශ,සංඝයාට,55
,,63
බඩකරික,භාණ්ඩාගාරික,63
පරුමක,ප්‍රමුඛ,63
සෙනහ,සෙනගේ,63
ලෙණෙ,ල‌​ණේ,63
සගස,සංඝයාට,63
,,69
පකර,මාර්ග,69
අදෙක,අධ්‍යක්ෂක,69
ශමුදහ,සමුද්දගේ,69
ලෙණෙ,ල‌​ණෙ,69
ශගශ,සංඝයාට,69
,,74
මණිකර,මිණිවඩු,74
මලගුතහ,මූලගුත්තගේ,74
පදග[ඩිනි],පියගැටපෙළ,74
,,104
පරුමක,ප්‍රමුඛ,104
උති,උත්තියගේ,104
පුතහ,පුත්,104
පරුමක,වූ,104
ශුමහ,ප්‍රමුඛ,104
ලෙණෙ,සුම්මගේ,104
ශගශ,ලෙණ,104
,,123
ගපති,ගෘහපති,123
වෙලු,වෙලුගේ,123
පුතන,පුතුන්,123
තිණි,වන,123
බතිකණ,සහෝදරයින්,123
ශගශ,තිදෙනාගේ,123
බත,සංඝයාට,123
දතහ,.,123
ලෙණෙ,ස්වාමි,123
,,127
පරුමක,ප්‍රමුඛ,127
චනිශත,චනිසත,127
ශුමන,සුමනගේ,127
පුතහ,පුත්,127
පරුමක,වන,127
පටකණ,ප්‍රමුඛ,127
ශතශ,පටකණ,127
ශගස,සතගේ,127
,,128
බත,ස්වාමි,128
නගහ,නාගගේ,128
ලෙණෙ,ලෙණ‌,128
,,129
පරුමක,ප්‍රමුඛ,129
තිශ,තිස්සගේ,129
පුතහ,පුතුගේ,129
ලෙණෙ,ලෙණ‌,129
ශගශ,සංඝයාට,129
දුතකහ,දූතයාගේ,129
,,131
බත,ස්වාමි,131
නගහ,නාගගේ,131
ලෙණෙ,ලෙණ,131
ශගශ,සංඝයාට,131
මතලිගමික,.,131
පුත,මාතලිගාම,131
ගමික,හි,131
තිශහ,ගම,131
ලෙණෙ,ප්‍රධානිගේ,131
,,132
බත,ස්වාමි,132
නගහ,නාගගේ,132
ලෙණෙ,ලෙණ‌,132
ශගශ,සංඝයාට,132
,,133
[න]ගහ,නාගගේ,133
ලෙණෙ,ලෙණ‌,133
ශගශ,සංඝයාට,133
,,137
බරත,ස්වාමි,137
තිශ,තිස්සගුත්තගේ,137
ගුතහ,ලෙණ‌,137
ලෙණෙ,සංඝයාට,137
,,143
ගපති,ගෘහපති,143
ගුටක,ගුටක,143
තිශ,තිස්සගේ,143
පුතහ,පුත්,143
යටි,වන,143
උතිරික,යටි-උතිරික,143
මහතිශහ,මහාතිස්සගේ,143
ලෙණෙ,ලෙණ‌.,143
,,147
බත,ස්වාමි,147
අබිඣිගුතහ,අභිජි-ගුත්තගේ,147
ලෙණෙ,ලෙණ‌,147
,,148
පරුමක,ප්‍රමුඛ,148
දත,දත්තගේ,148
ඣිත,දියණිය,148
පරුමක,ප්‍රමුඛගේ,148
බගිනිය,සොයුරියගේ,148
නදිකශ,පුත්,148
ඣය,නන්දිකගේ,148
පරුමකලු,භාර්යාව,148
ශමණය,වන,148
ලෙණ‌ෙ,ප්‍රමුඛාවිය,148
අගත,සමණගේ,148
අනගත,ලෙණ,148
චතු,පැමිණියාවූත්,148
දිශ,නොපැමිණියාවූත්,148
ශගශ,සතරදෙස,148
දිනෙ,සංඝයාට,148
,,150
ගමික,ගම්,150
නග,ප්‍රධානි,150
පුත,නාගගේ,150
ශුමනහ,පුත්,150
ලෙණ‌ෙ,වන,150
පටකෙ,සුමනගේ,150
ශයෙ,ලෙණ‌.,150
,,151
ශුමන,සුමන,151
තෙරහ,තෙරුණ්ගේ,151
ලෙණ‌ෙ,ලෙණ‌,151
ශගශ,සංඝයාට,151
,,152
පරුමක,ප්‍රමුඛ,152
ශිවහ,සිවගේ,152
ලෙණ‌ෙ,ලෙණ‌,152
චතු,සතරදිග,152
[දි]ශ,සංඝයාට,152
ශගශ,දෙන,152
,,153
පරුමක,ප්‍රමුඛ,153
ශිවහ,සිවගේ,153
ලෙණ‌ෙ,ලෙණ‌,153
ශගශ,සංඝයාට,153
,,155
අනද,ආනන්ද,155
තෙරහ,තෙරුණ්ගේ,155
ලෙණ‌ෙ,ලෙණ‌,155
ශගශ,සංඝයාට,155
,,160
චලල,චලල,160
ලෙණ‌ෙ,නම්,160
නම,ලෙණ‌,160
අගත,පැමිණියාවූත්,160
අනගත,නොපැමිණියාවූත්,160
චතු,සතරදෙස,160
දිශ,සංඝයාට,160
ශගශ,.,160
,,162
පරුමක,ප්‍රමුඛ,162
ශබ,සබගේ,162
පුත,පුත්,162
උපශක,වන,162
රකිය,උපාසක,162
ලෙණ‌ෙ,රකිගේ,162
අගත,ලෙණ‌,162
අනාගත,පැමිණියාවූත්,162
චතු,නොපැමිණියාවූත්,162
දිශ,සංඝයාට,162
ශගශ,සතරදිග,162
,,163
පරුමක,ප්‍රමුඛ,163
ශොණහ,සොණගේ,163
ශගශ,සංඝයාට,163
,,167
බත,ස්වාමි,167
මිතදෙවහ,මිත්තදේවගේ,167
ලෙණ‌ෙ,ලෙණ‌.,167
බත,ස්වාමි,167
මිතදෙවහ,මිත්තදේවගේ,167
ලෙණ‌ෙ,මනාපදස්සන,167
මනපදශනෙ,නම්,167
අගත,ලෙණ‌,167
අනගත,පැමිණියාවූත්,167
චතු,නොපැමිණියාවූත්,167
දිශ,සතරදෙස,167
ශගශ,සංඝයාට,167
දිනි,දෙන,167
,,168
එරකපි,එරකපිහි,168
ගමික,ගම්,168
පුත,ප්‍රධානිගේ,168
ගමික,පුත්,168
තිශ,වන,168
පුති,ගම්,168
උතිය,ප්‍රධානි,168
ලෙණ‌ෙ,තිස්සගේ,168
අගත,පුත්,168
අනගත,වන,168
චතු,උත්තියගේ,168
දිශ,ලෙණ‌,168
ශගශ,පැමිණියාවූත්,168
දිනි,නොපමිනියවූත්,168
දමරඣශ,සතරදෙස,168
උපට,සංඝයාට,168
(සංකේත,දෙන,168
අංක15සහ16b),ලදී.,168
,,169
පරුමක,ප්‍රමුඛ,169
වෙලු,වෙලුගේ,169
පුතන,පුතුන්ගේ,169
ලෙණ‌ෙ,ලෙණ‌,169
අගත,පැමිණියාවූත්,169
අනගත,නොපැමිණියාවූත්,169
චතු,සතරදෙස,169
දිශ,සංඝයාට,169
ශගශ,.,169
,,170
පරුමක,ප්‍රමුඛ,170
උපලි,උපාලිගේ,170
පුත,පුත්,170
පරුමක,වන,170
චතහ,ප්‍රමුඛ,170
ලෙණ‌ෙ,චත්තගේ,170
,,174
පරෙමක,ප්‍රමුඛ,174
ඉශිගුතහ,ඉසිගුත්තගේ,174
ලෙණ‌ෙ,ලෙණ‌,174
ශගශ,සංඝයාට,174
,,178
දනතක,ගම්,178
ගමික,ප්‍රධානි,178
පුත,දනකතගේ,178
ගමික,පුත්,178
තිශහ,වන,178
ඣය,ගම්,178
උපශික,ප්‍රධානි,178
මගිලය,තිස්සගේ,178
ලෙණ‌ෙ,භාර්යාව,178
ශගිකෙ,වූ,178
,,179
බත,ස්වාමි,179
උතිය,උත්තියගේ,179
ලෙණ‌ෙ,ලෙණ‌,179
,,180
පරුමක,ප්‍රමුඛ,180
ශුමන,සුමනගේ,180
පුත,පුත්,180
පරුමක,වන,180
රශුමිලිය,ප්‍රමුඛ,180
ලෙණ‌ෙ,රම්සිමාලීගේ,180
ශගශ,ලෙණ‌,180
,,181
උපශික,උපාසිකා,181
පරිඣය,පරිජාගේ,181
ලෙණ‌ෙ,ලෙණ‌,181
ශගශ,සංඝයාට,181
,,187
ගමික,ගම්,187
තිශ,ප්‍රධානි,187
පුත,තිස්සගේ,187
ගමික,පුත්,187
මලිය,වන,187
ලෙණ‌ෙ,ගම්,187
ශගශ,ප්‍රධානි,187
,,201
ගණශ,සමූහයේ,201
ලෙණ‌ෙ,ලෙණ‌,201
ශගශ,සංඝයාට,201
,,202
ගපති,ගෘහපති,202
උතර,උත්තරගේ,202
පුත,පුත්,202
පුශ,වන,202
මලන,ඵුස්ස-මාලින්ගේ,202
ලෙණ‌ෙ,ලෙණ‌.,202
,,204
පරුමක,ප්‍රමුඛ,204
පුස,ඵුස්සගේ,204
ගුත,පුත්,204
පිගල,වන,204
සුමනහ,පින්ගල,204
,,206
පරුමක,ප්‍රමුඛ,206
වශුදත,වසුදත්තගේ,206
පුත,පුත්,206
පුශහ,වන,206
පදගඩ,ඵුස්ස,206
කම,විසින්,206
කර(පි)ත,කරවන,206
,,210
ගපති,ගෘහපති,210
ශුබගහ,සුභගේ,210
ලෙණ‌ෙ,ලෙණ‌.,210
,,212
ගණක,ගණකාධිකාරී,212
චලි,චලි-තිස්සගේ,212
තිශ,පුත්,212
පුත,වන,212
පරුමක,ප්‍රමුඛ,212
තිශහ,තිස්සගේ,212
ලෙණ‌ෙ,ලෙණ‌.,212
,,215
යශ,වෙස්ස,215
තෙරශ,තෙරුණ්ගේ,215
ච,සහ,215
ගපති,ගෘහපති,215
චුඩ,චුඩ-ශිවගේ,215
ශිව,පුත්,215
පුතා,වන,215
කොටගරික,කෝෂ්ඨාගාරික,215
චුලහ,චලුගේ,215
ච,ලෙණ‌,215
ලෙණ‌ෙ,සංඝයාට,215
ශගශ,.,215
,,216
පරුමක,ප්‍රමුඛ,216
පොල,පොල-සමුද්දගේ,216
ශමුදහ,ලෙණ‌,216
,,217
දනියශ,ධනියගේ,217
ලෙණ‌ෙ,ලෙණ‌.,217
,,218
බත,ප්‍රධානි,218
දමුතරහ,ධම්මුත්තරගේ,218
,,221
බත,ඵුස්ස,221
පුශහ,තෙරුණ්ගේ,221
[ස]දිවිහරි,ශිෂ්‍ය,221
තිශහ,වන,221
ලෙණ‌ෙ,තිස්සගේ,221
,,225
බත,ප්‍රධානි,225
උපතිශ,උපතිස්ස,225
තෙරහ,තෙරුණ්ගේ,225
ලෙණ‌ෙ,ලෙණ‌.,225
,,226
පුශ,ඵුස්ස,226
තෙරහ,තෙරුණ්ගේ,226
ච,සහ,226
කොටගරික,කෝෂ්ඨාගාරික,226
උතරහ,උත්තරගේ,226
ච,ලෙණ‌,226
ලෙණ‌ෙ,සංඝයාට,226
ශගශ,.,226
,,227
ගපති,ගෘහපති,227
රකි[ත]ශ,රක්ඛිතගේ,227
පුත,පුත්,227
උපලිය,වන,227
ලෙණ‌ෙ,උපාලිගේ,227
ශගශ,ලෙණ‌,227
,,238
පරුමක,ප්‍රමුඛ,238
අනුඩි,අනුඩිගේ,238
පුත,පුත්,238
පරුමක,වන,238
උතිය,ප්‍රමුඛ,238
ලෙණ‌ෙ,උතිගේ,238
ශගශ,ලෙණ‌,238
,,239
තිශ,තිස්ස,239
තෙරශ,භික්ෂුවගේ,239
දනෙ,ත්‍යාගය,239
ශගශ,සංඝයාට.,239
,,241
බත,ප්‍රධානි,241
නදහ,නන්දගේ,241
ලෙණ‌ෙ,ලෙණ‌.,241
,,242
බමණ,බ්‍රාහ්මණ,242
උතර,උත්තරගේ,242
පුත,පුත්,242
ගුතහ,වන,242
ලෙණ‌ෙ,ගුත්තගේ,242
,,245
බඩකරික,භාණ්ඩාගාරික,245
මඣිමහ,මජ්ඣිමගේ,245
ලෙණ‌ෙ,ලෙණ‌,245
ශගශ,සංඝයාට,245
,,246
පරුමක,ප්‍රමුඛ,246
ශෙනහ,සෙනගේ,246
ලෙණ‌ෙ,ලෙණ‌,246
ශගශ,සංඝයාට,246
,,249
අශි,ආයුෂ්මත්,249
පුශගුතශ,ඵුස්සගුත්තගේ,249
,,250
පරුමක,කොතළය,250
කුතරගය,දරන්නා,250
වෙලුහ,ප්‍රමුඛ,250
ලෙණ‌ෙ,වෙලුගේ,250
,,252
බුදරකිත,බුද්ධරක්ඛිත,252
තෙරශ,තෙරුණ්ගේ,252
ශුපදිටි,සුප්පතිට්ඨ,252
,,254
තිස,තිස්ස,254
තෙරහ,තෙරුණ්ගේ,254
ලෙණ‌ෙ,ලෙණ‌,254
ශගශ,සංඝයාට,254
,,255
බත,ප්‍රධානි,255
මහදතහ,මහාදත්තගේ,255
මනපදශනෙ,මනාපදස්සන,255
,,256
බත,ප්‍රධානි,256
ශුමනගුතහ,සුමනගුත්තගේ,256
ලෙණ‌ෙ,ලෙණ‌.,256
,,261
පරුමක,ප්‍රමුඛ,261
මහරෙතශ,මහරෙතගේ,261
පුත,පුත්,261
පරුමක,වන,261
නගශ,ප්‍රමුඛ,261
ලෙණ‌ෙ,නාගගේ,261
අගත,ලෙණ‌,261
අනගත,පැමිණියාවූත්,261
චතු,නොපැමිණියාවූත්,261
දිශ,සතරදෙස,261
ශගශ,සංඝයාට,261
දිනෙ,දෙන,261
,,265
පරුමක,ප්‍රමුඛ,265
නග,නාගගේ,265
පුත,පුත්,265
පරුමක,වන,265
රෙවෙතශ,ප්‍රමුඛ,265
ලෙණ‌ෙ,රෙවෙතගේ,265
,,267
බත,ප්‍රධානි,267
උපතිශහ,උපතිස්සගේ,267
ලෙණ‌ෙ,ලෙණ‌.,267
,,279
පරුමක,ප්‍රමුඛ,279
උතර,උත්තරගේ,279
පුති,පුත්,279
පරුමක,වන,279
පුලයශ,ප්‍රමුඛ,279
බරිය,පුලයගේ,279
උපශික,භාර්යාව,279
උතිය,වන,279
ලෙණ‌ෙ,උපාසිකා,279
,,280
අශ,ආයුෂ්මත්,280
(ඣි)තහ,ජිතගේ,280
ලෙණ‌ෙ,ලෙණ‌,280
ශගශ,සංඝයාට,280
,,283
අශය,ආයුෂ්මන්ත,283
නදහ,නන්දගේ,283
ලෙණ‌ෙ,ලෙණ‌,283
ශගශ,සංඝයාට,283
,,289
තිශ,තිස්ස,289
අයහ,කුමරුගේ,289
පුත,පුත්,289
මහ,වන,289
අයහ,මහ-අයහි,289
අයක,ආදායම්,289
ගමික,බදු,289
මහතිශ,එකතු,289
මරුමකන,කරන්නා,289
ගමික,වන,289
තිශහ,ගම්,289
ලෙණ‌ෙ,ප්‍රධානි,289
අගත,මහාතිස්සගේ,289
අනගත,මුණුබුරු,289
චතු,වන,289
දිශ,ගම්,289
ශගශ,ප්‍රධානි,289
පතිටපිටෙ,තිස්සගේ,289
(සංකේත,ලෙණ‌,289
අංක26සහ27),පැමිණියාවූත්,289
,,290
පරුමක,ප්‍රමුඛ,290
දිගතිශ,දීඝතිස්සගේ,290
පුත,පුත්,290
පරු[මක]ගුතශ,වන,290
ලෙණ‌ෙ,ප්‍රමුඛ,290
,,291
ගමික,ගම්,291
තිශ,ප්‍රධානි,291
පුත,තිස්සගේ,291
ගමික,පුත්,291
සමණදතහ,වන,291
ලෙණ‌ෙ,ගම්,291
,,293
පරුමක,ප්‍රමුඛ,293
දිගතිශ,දීඝතිස්සගේ,293
පුත,පුත්,293
ගුතහ,වන,293
ලෙණ‌ෙ,ගුත්තගේ,293
,,301
ගපති,කම්මල්කරු,301
කබර,ගෘහපති,301
මඣිමහ,මජ්ඣිමගේ,301
පුත,සහ,301
ශිවහ,ඔහුගේ,301
ච,පුත්,301
ලෙණ‌ෙ,වන,301
ශගශ,සිවගේ,301
,,304
[අ]ය,සිව,304
ශිවහ,කුමරුගේ,304
ලෙණ‌ෙ,ලෙණ‌.,304
,,305
පරුමක,ප්‍රමුඛ,305
උති,උත්තියගේ,305
ඣිතය,දියණිය,305
අබි,වන,305
ශොණය,සොණා,305
ලෙණ‌ෙ,කුමරියගේ,305
,,308
අශ,ආයුෂ්මන්ත,308
මගශ,මාඝගේ,308
ලෙණ‌ෙ,මනාපදස්සන,308
මනපදශනෙ,නම්,308
නම,ලෙණ‌,308
අගත,පැමිණියාවූත්,308
අනගත,නොපැමිණියාවූත්,308
චතු,සතරදෙස,308
දිශ,සංඝයාට,308
ශගශ,.,308
,,310
බත,ප්‍රධානි,310
දතශ,දත්තගේ,310
ලෙණ‌ෙ,ලෙණ‌,310
ශගශ,සංඝයාට,310
ගපති,දෙන,310
ශුමහ,ලදී.,310
,,311
බත,ප්‍රධානි,311
ශොණහ,සොණගේ,311
ලෙණ‌ෙ,ලෙණ‌,311
අගත,පැමිණියාවූත්,311
අනගත,නොපැමිණියාවූත්,311
චදු,සතරදෙස,311
දිශ,සංඝයාට,311
ශගශ,ප්‍රධානය,311
නියතෙ,කරන,311
,,312
පරුමක,ප්‍රමුඛ,312
තිශරකිත,තිස්සරක්ඛිතගේ,312
පුත,පුත්,312
පරුමක,වන,312
නගදිනශ,ප්‍රමුඛ,312
ලෙණ‌ෙ,නාගදින්නාගේ,312
,,314
වඩියහ,වඩිය,314
තිශහ,තිස්ස,314
ශුවතිය,සහ,314
තිනි,සුවති,314
ඣනහ,පුද්ගලයින්,314
ලෙණ‌ෙ,තිදෙනාගේ,314
නියතෙ,ලෙණ‌,314
ශගශ,සංඝයාට,314
,,319
පරුමක,ප්‍රමුඛ,319
තබර,තබර-වෙලුගේ,319
වේලු,දියණිය,319
ඣිශ,වන,319
තිශ[ය],තිස්සාගේ,319
,,324
අශ,අයුෂ්මන්ත,324
දමගුතහ,ධම්මගුත්තගේ,324
ලෙණ‌ෙ,ලෙණ‌,324
ශගශ,සංඝයාට,324
,,325
බත,ප්‍රධානි,325
අබයහ,අභයගේ,325
ලෙණ‌ෙ,ලෙණ‌,325
ශගශ,සංඝයාට,325
,,326
දමගුතහ,ධම්මගුත්තගේ,326
ලෙණ‌ෙ,ලෙණ‌,326
ශගශ,සංඝයාට,326
,,327
තිශ,තිස්ස,327
තෙරහ,තෙරුණ්ගේ,327
අතෙවශික,ශිෂ්‍ය,327
ශුඅමන,වන,327
තෙරහ,සුමන,327
ලෙණ‌ෙ,තෙරුණ්ගේ,327
අගත,ලෙණ‌,327
අනගත,පැමිණියාවූත්,327
චතු,නොපැමිණියාවූත්,327
දී[ශ],සතරදෙස,327
ශගශ,සංඝයාට,327
,,328
පරුමක,ප්‍රමුඛ,328
නදික,නන්දිකගේ,328
පුතශ,පුත්,328
පරුමක,වන,328
මිතශ,ප්‍රමුඛ,328
ලෙණ‌ෙ,මිත්තගේ,328
අගත,ලෙණ‌,328
අනගත,පැමිණියාවූත්,328
චතු,නොපැමිණියාවූත්,328
දිශ,සතරදෙස,328
ශගශ,සංඝයාට,328
දිනෙ,.,328
,,329
පරුමක,ප්‍රමුඛ,329
හදකහ,හදකගේ,329
බැරිය,භාර්යාව,329
උපශික,උපාසිකා,329
නගය,නාගා,329
ච,සහ,329
පුතා,ඔහුගේ,329
උපශක,පුතුන්,329
තිශහ,වන,329
ච,උපාසක,329
උපශක,තිස්ස,329
දෙවහ,සහ,329
ච,උපාසක,329
ලෙණ‌ෙ,දෙවගේ,329
අගත,ලෙණ‌,329
අනගත,පැමිණියාවූත්,329
චතු,නොපැමිණියාවූත්,329
දිශ,සතරදෙස,329
ශගශ,සංඝයාට,329
නියතෙ,පරිත්‍යාග,329
,,330
තිශගුත,තිස්සගුත්ත,330
තෙරශ,තෙරුණ්,330
ශදිවිහරිය,හා,330
බරත,එක්ව,330
මඣිමබණක,වාසය,330
තිශහ,කරන,330
ලෙණ‌ෙ,මජ්ඣිම-ප්‍රධානි,330
ශුදශනෙ,තිස්ස,330
අගත,තෙරුණ්ගේ,330
අනගත,සුදස්සන,330
චතු,(නම්),330
දිශ,ලෙණ‌,330
ශගශ,පැමිණියාවූත්,330
නියතෙ,නොපැමිණියාවූත්,330
,,331
පරුමක,ප්‍රමුඛ,331
මිත,මිත්තගේ,331
ඣය,භාර්යාව,331
පරුමක,වන,331
ශත,ප්‍රමුඛ,331
නශත,ශත,331
ඣිත,නශතගේ,331
පරුමකලු,දියණිය,331
පුශය,වන,331
ලෙණ‌ෙ,ප්‍රමුඛාවිය,331
අගත,ඵුස්සාගේ,331
අනගත,ලෙණ‌,331
චතු,පැමිණියාවූත්,331
ශගශ,නොපැමිණියාවූත්,331
,,335
බරත,ප්‍රධානි,335
තිශශ,තිස්සගේ,335
ලිණ‌ෙ,ලෙණ‌.,335
,,337
පරුමක,ප්‍රමුඛ,337
[ශො]ණහ,සොණගේ,337
ලෙණ‌ෙ,ලෙණ‌.,337
ගමික,ගම්,337
තිශහ,ප්‍රධානි,337
ලෙණ‌ෙ,තිස්සගේ,337
ශගශ,ලෙණ‌,337
,,338
රඣ,අනාගත,338
නග,සැප,338
ඣිත,පහසුව,338
උති,පිණිස,338
ඣයඅබි,සහ,338
අනුරදි,සක්වල,338
ච,සියලු,338
රඣ,සත්ත්වයින්ගේ,338
උති,හිතසුව,338
ච,පිණිස,338
කරපිට,නාග,338
ශ‌ෙ,රජුගේ,338
ඉම,දියණිය,338
ලෙණ‌,වන,338
චතු,උත්තිය,338
දිශශ,රජුගේ,338
ශගය,භාර්යාව,338
අගත්,වන,338
අගතන,(අබි)අනුරාධි,338
පශු,කුමරිය,338
විහරයෙ,ද,338
අපරිමිත,උත්තිය,338
ලොකදතුය,රජු,338
ශතන,ද,338
ශිත,කරවූ,338
ශුකයෙ.,මෙම,338
,,342
බදිර,ප්‍රධානි,342
මහතිශ,මහාතිස්සගේ,342
පුත,පුත්,342
මහ,වන,342
ශුමනශ,මහාසුමනගේ,342
ලෙණ‌ෙ,ලෙණ‌.,342
,,343
පරුමක,ප්‍රමුඛ,343
උති,උත්තියගේ,343
පුත,පුත්,343
චුඩි,වන,343
නගශ,චූඩි-නාගගේ,343
ලෙණ‌ෙ,ලෙණ‌.,343
,,345
ගපති,ගෘහපති,345
දමශෙන,ධම්මසේනගේ,345
පුත,පුත්,345
ශුමන,වන,345
මලශ,සුමනමල්ලගේ,345
ච,සහ,345
ගපති,ගෘහපති,345
මඣිමතිශ,මජ්ඣිම-තිස්සගේ,345
පුත,පුත්,345
දිගතිශශ,වන,345
ච,දීඝතිස්සගේ,345
ලෙණ‌ෙ,ලෙණ‌.,345
,,352
මගශ,මාඝගේ,352
ලෙණ‌ෙ,ලෙණ‌.,352
,,353
පරුමක,ප්‍රමුඛ,353
නුගුය,නුගුය-වෙලුගේ,353
වෙලු,පුතුන්,353
පුතන,වන,353
ශිගර,සිගර-මලුගේ,353
මලුශ,සහ,353
ච,නුගුය-මලුගේ,353
නුගුය,ලෙණ‌.,353
,,357
දමෙඩ,ද්‍රවිඩ,357
වණිඣ,වෙළඳ,357
ගපති,ගෘහපති,357
විශකහ,විශාක,357
සෙණි,විසින්,357
කමෙ,කරන,357
,,365
බත,ප්‍රධානි,365
ශුමනශ,සුමනගේ,365
ලෙණ‌ෙ,ලෙණ‌,365
ශගශ,සංඝයාට,365
දිනෙ,දෙන,365
,,369
මතුල,මයිලනුවන්ගේ,369
බගිනියන,සහ,369
ලෙණ‌ෙ,බෑනාවරුන්ගේ,369
අගත,ලෙණ‌,369
අනගත,පැමිණියාවූත්,369
චතු,නොපැමිණියාවූත්,369
දිශ,සතරදෙස,369
ශගශ,සංඝයාට,369
නියතෙ,පරිත්‍යාග,369
ශෙ,කරන,369
,,387
පුශහ,ඵුස්සගේ,387
බත,ප්‍රධානි,387
නගශ,නාගගේ,387
මහචිතශ,මහාචිත්තගේ,387
,,389
උපරඣ,උපරාජ,389
නග,නාගගේ,389
පුතෙ,පුත්,389
රඣ,අබය,389
අබයෙ,රජු,389
නම,වෙයි.,389
තශ,ඔහුගේ,389
පුතෙ,පුත්,389
ගමණි,ගාමණි,389
තිශෙ,තිස්ස,389
නම,නම්,389
තෙන,වෙයි.,389
කරිතේ,ඔහු,389
ශුදශනෙ,විසින්,389
ශගශ,කරන,389
,,390
බත,ප්‍රධානිප්‍රධානි,390
පුශබුතිය,ඵුස්සභූතිගේ,390
ලෙණ‌ෙ,ලෙණ‌,390
ශගශ,සංඝයාට,390
,,391
මනොරමෙ,ප්‍රධානි,391
ලෙණ‌ෙ,ගුත්ත,391
බත,විසින්,391
ගුතෙන,කරවන,391
කරිතෙ,ලද,391
ශගශ,මනොරම,391
,,392
බත,ප්‍රධානි,392
දෙවගුතහ,දෙවගුත්තගේ,392
බතිකහ,සහෝදරයා,392
ගපති,වන,392
ශමණහ,ගෘහපති,392
ලෙණ‌ෙ,සමණගේ,392
,,395
බත,ප්‍රධානි,395
ශුදිනශ,සුදින්නගේ,395
ලෙණ‌ෙ,ලෙණ‌,395
ශගශ,සංඝයාට,395
,,397
පරුමක,ප්‍රමුඛ,397
ශදනශ,සදනගේ,397
ඣය,භාර්යාව,397
උපශික,වන,397
ශුමනය,උපාසිකා,397
ලෙණ‌ෙ,සුමනාගේ,397
,,399
බත,ප්‍රධානි,399
රකිය,රකිගේ,399
ලෙණ‌ෙ,ලෙණ‌.,399
,,400
උපශක,උපාසක,400
චුඩහ,චූළගේ,400
ලෙණ‌ෙ,ලෙණ‌,400
ශගශ,සංඝයාට,400
,,401
ශගශ,උපාසක,401
උපශක,චූළගේ,401
චුඩහ,සහ,401
අශිය,අයුෂ්මන්ත,401
ශිවහ,සිවගේ,401
ශදි,සාමුහික,401
ශදය,ලෙණ‌,401
,,403
පරුමක,ප්‍රමුඛ,403
වෙ[ල]හ,වෙගේ,403
ලෙණ‌ෙ,ලෙණ‌,403
ශගශ,සංඝයාට,403
,,404
දෙවනපිය,දෙවියන්ට,404
මහරඣහ,ප්‍රිය,404
ගාමිණි,වූ,404
තිශහ,මහරජ,404
පුත,ගාමිණි,404
මහතිස,තිස්සගේ,404
අයහ,පුත්,404
ලෙණ‌ෙ,වන,404
ශගිකෙ,මහාතිස්ස,404
,,405
උපශක,උපාසක,405
තිශහ,තිස්සගේ,405
ච,සහ,405
ඣය,භාර්යාව,405
රෙවය,වන,405
ච,රෙවාගේ,405
ලෙණ‌ෙ,ලෙණ‌,405
ශගශ,සංඝයාට,405
,,407
එක,එකොත්තරිකහි,407
උතිරික,(අංගුත්තරාගම),407
බණක,දේශක,407
පුශදෙව,ඵුස්සදේව,407
තෙරහ,තෙරණුවන්ගේ,407
මනොරමෙ,මනොරම,407
,,410
බත,ප්‍රධානි,410
තිශ,තිස්සභූතිගේ,410
බුතිය,ද,410
ච,ප්‍රධානි,410
බත,කුඩකතිස්සගේ,410
කුඩක,ද,410
තිශහ,.,410
,,411
වරුණගුතහ,වරුණගුත්තගේ,411
ලෙණ‌ෙ,ලෙණ‌,411
ශගශ,සංඝයාට,411
,,412
අශිය,අයුෂ්මන්ත,412
අනුඩිය,අනුඩිගේ,412
ලෙණ‌ෙ,ලෙණ‌.,412
,,414
ශුමනහ,සුමනගේ,414
ලෙණ‌ෙ,ලෙණ‌.,414
,,418
අශ,අයුෂ්මන්ත,418
චිතගුතහ,චිත්තගුත්තගේ,418
අශ,අයුෂ්මන්ත,418
උපතිශහ,උපතිස්සගේ,418
,,422
දෙවනපිය,දෙවියන්ට,422
මහරඣ,ප්‍රිය,422
ගමිණි,වූ,422
තිශහ,මහරජ,422
පුත,ගාමණී,422
මහ,තිස්සගේ,422
අයහ,පුත්,422
ඣය,වන,422
උපශික,මහ-අයගේ,422
යහශිනිය,භාර්යාව,422
ලෙණ‌ෙ,වන,422
,,423
දෙවනපිය,දෙවියන්ට,423
මහරඣහ,ප්‍රිය,423
ගමණි,වූ,423
තිශහ,මහරජ,423
පුත,ගාමණී,423
මහ,තිස්සගේ,423
අයහ,පුත්,423
මහ,වන,423
ලෙණ‌ෙ,මහ-අයගේ,423
,,424
මහරඣහ,මහරජ,424
දෙවනපියහ,වූ,424
ගමණි,දෙවියන්ට,424
තිශහ,ප්‍රිය,424
පුතහ,වූ,424
තිශ,ගාමණී,424
අයහ,තිස්සගේ,424
මහ,පුත්,424
ලෙණ‌ෙ,වන,424
,,426
දෙවනපිය,දෙවියන්ට,426
මහරඣහ,ප්‍රිය,426
ගමණි,වූ,426
තිශහ,මහරජ,426
පුතහ,ගාමණී,426
තිශ,තිස්සගේ,426
අයහ,පුත්,426
ඣය,වන,426
උපශික,තිස්ස,426
ශමිකය,කුමරුගේ,426
ලෙණ‌ෙ,භාර්යාව,426
,,430
බත,ප්‍රධානි,430
තිශගුතහ,තිස්සගුත්තගේ,430
ලෙණ‌ෙ,ශිහමුඛ,430
ශිශමුකෙ,(සිංහයාගේ,430
,,442
මිටියමත,මිටියමත,442
තිශහ,තිස්සගේ,442
ලෙණ‌ෙ,ලෙණ‌.,442
,,443
බත,ප්‍රමුඛ,443
ශිවබුතිය,සිවභූතිගේ,443
ලෙණ‌ෙ,සුප්පතිට්ඨිත,443
ශුපදිතිතෙ,ලෙණ‌.,443
,,444
[ච]න[,න-(තිස්ස)-පබ්බත,444
තිශ],වාසී,444
පවත,ඵුස්ස,444
ව[ශි,තෙරුණ්ගේ,444
ක],ලෙණ‌.,444
,,448
දමරකිත,ධම්මරක්ඛිත,448
තෙර,තෙරුණ්ගේ,448
ශදිවිශරිය,ශිෂ්‍ය,448
බත,ප්‍රධානි,448
ශ...........,ස...........,448
,,449
ශිව,සිව,449
තෙරශ,තෙරුණ්ගේ,449
ලෙණ‌ෙ,ලෙණ‌.,449
,,450
ශිව,සිව,450
තෙර............,තෙරුණ්ගේ............,450
,,451
නගශෙන,නාගසේන,451
තෙරශ,තෙරුණ්ගේ,451
ශුදශනෙ,සුදස්සන,451
,,453
උපශක,උපාසක,453
දතශ,දත්තගේ,453
ලෙණ‌ෙ,ලෙණ‌.,453
,,454
ශුරි,සුරිතෙරුණ්ගේ,454
තෙරශ,ලෙණ‌,454
ලෙණ‌ෙ,සංඝයාට,454
ශගශ,.,454
,,455
බුදරකිත,බුද්ධරක්ඛිත,455
තෙරශ,තෙරුණ්ගේ,455
ලෙණ‌ෙ,ලෙණ‌,455
බයබෙරවෙ,බයභෙරව,455
,,461
තිශමිත,තිස්සමිත්ත,461
තෙරශ,තෙරුණ්ගේ,461
ලෙණ‌ෙ,පුඩලඣකෙ,461
පුඩලඣකෙ,ලෙණ‌.,461
,,464
තිශමිත,තිස්සමිත්ත,464
තෙරශ,තෙරුණ්ගේ,464
ලෙණ‌ෙ,ලෙණ‌,464
ශගශ,සංඝයාට,464
,,465
උපතිශහ,උපතිස්සගේ,465
ලෙණ‌ෙ,ලෙණ‌.,465
,,469
කුබිර,කුබිර,469
තෙරහ,(කුවෙර),469
වනෙ,තෙරුණ්ගේ,469
,,473
දොදශ,පුද්ගලයින්,473
ඣනන,දොළසකගේ,473
චදක,චන්දක,473
ලෙණ‌ෙ,ලෙණ‌.,473
,,475
බත,ප්‍රධානි,475
තිශ,තිස්සගුත්තගේ,475
ගුතහ,ගම්,475
ගමික,ප්‍රධානි,475
චුලහ,චලුගේ,475
උපශික,උපාසිකා,475
උපලය.............,උප්පලාගේ,475
,,477
පරුමක,ප්‍රමුඛ,477
වෙල,වෙලගෙ,477
පුත,පුත්,477
පරුමක,වන,477
උතරශ,ප්‍රමුඛ,477
ලෙණ‌ෙ,උත්තරගේ,477
,,478
මිත,මිත්ත,478
තෙරහ,තෙරුණ්ගේ,478
පිතශ,පියාණන්,478
උපශක,වන,478
ශිවශ,උපාසක,478
ලෙණ‌ෙ,සිවගේ,478
,,479
ගමික,ගම්,479
වණ,ප්‍රධානි,479
තිශහ,වණ-තිස්සගේ.,479
,,495
පරුමක,ප්‍රමුඛ,495
තිශ,තිස්සගේ,495
පුත,පුත්,495
පරුමකඅදිලිය,වන,495
ලෙණ‌ෙ,ප්‍රමුඛ,495
ශගශ,අදිලිගේ,495
,,496
පරුමක,ප්‍රමුඛ,496
ශුමන,සුමනගේ,496
පුතශ,පුත්,496
තිශශ,වන,496
ලෙණ‌ෙ,තිස්සගේ,496
,,497
පරුමක,ප්‍රමුඛ,497
මිත,මිත්තගේ,497
පුත,පුත්,497
පරුමක,වන,497
රකිය,ප්‍රමුඛ,497
ලෙණ‌ෙ,රකිගේ,497
ශගශ,ලෙණ‌,497
,,498
(සංකේත,ප්‍රමුඛ,498
අංක18),නන්දිකගේ,498
පරුමක,පුත්,498
නදික,වන,498
පුතශ,ප්‍රමුඛ,498
පරුමක,මිත්තගේ,498
මිතශ,මහාසුදස්සන,498
ලෙණ‌ෙ,ලෙණ‌,498
මහශුදශනෙ,සංඝයාට,498
ශගශ,පරිත්‍යාග,498
දිනෙ,කරන,498
,,499
බත,ප්‍රධානි,499
පුශගුතශ,ඵුස්සගුත්තගේ,499
ය,ලෙණ‌,499
ලෙණ‌ෙ,මනාපදස්සන,499
මනපද[ශ]නෙ,ලෙණ‌,499
ලෙණ‌ෙ,සංඝයාට,499
ශගශ,.,499
,,500
ගමික,ගම්,500
නග,ප්‍රධානි,500
පුතෙ,නාගගේ,500
ගමික,පුත්,500
තිශ,වන,500
කරපිතෙ,ගම්,500
ඉම,ප්‍රධානි,500
ලෙණ‌,තිස්ස,500
සෙනපති,විසින්,500
ඣුවය,කරවන,500
ශගශ,ලද,500
දිනෙ,මෙම,500
,,501
බත,ප්‍රධානි,501
ශගරකිතශ,සංඝරක්ඛිතගේ,501
ලෙණ‌ෙ,පටිභාන-කූට,501
පටිබන,නම්,501
කුටෙ,ලෙණ‌,501
ශග[ශ],සංඝයාට,501
දිනෙ,පරිත්‍යාග,501
,,503
[ශු]ඣත,සුජාත,503
තෙරහ,තෙරුණ්ගේ,503
ලෙණ‌ෙ,ලෙණ‌,503
ශගශ,සංඝයාට,503
,,506
මුල(ශො)ම,මූලසොම,506
තෙරශ,තෙරුණ්ගේ,506
ලෙණ‌ෙ,ලෙණ‌,506
චතු,සතරදෙස,506
දිශ,සංඝයාට,506
ශගශ,.,506
,,508
තිශගුත,තිස්සගුත්ත,508
තෙරහ,තෙරුණ්ගේ,508
ලෙණ‌ෙ,ලෙණ‌,508
අගත,පැමිණියාවූත්,508
අනගත,නොපැමිණියාවූත්,508
චතු,සතරදෙස,508
දිශ,සංඝයාට,508
ශගශ,දෙන,508
දිනෙ,ලදී.,508
,,509
ශගරකිත,සංඝරක්ඛිත,509
තෙරශ,තෙරුණ්ගේ,509
ලෙණ‌ෙ,සුදස්සන,509
ශුදශනෙ,ලෙණ‌.,509
,,510
බත,ප්‍රධානි,510
දිනහ,දින්නගේ,510
ලෙණ‌ෙ,ලෙණ‌,510
සඝහ,සංඝයාට,510
,,511
බත,සුමනගුත්තගේ,511
ශුමනගුතශ,ල‌ෙණ‌,511
ල‌ෙණ‌ෙ,සංඝයාට,511
සඝහ,.,511
,,512
ශුඣත,තෙරුණ්ගේ,512
තෙරශ,සහෝදරයා,512
බතික,වන,512
තිශදත,තිස්සදත්ත,512
තෙරහ,තෙරුණ්ගේ,512
ල‌ෙණ‌ෙ,ල‌ෙණ‌,512
ශගශ,සංඝයාට,512
,,514
ශගශ,ල‌ෙණ‌.,514
,,516
පරුමක,ඵුස්සගේ,516
පුශහ,ල‌ෙණ‌,516
ල‌ෙණ‌ෙ,සංඝයාට,516
ශගශ,.,516
,,517
වෙශලි,තෙරුණ්ගේ,517
තෙරහ,ල‌ෙණ‌.,517
,,518
ගපති,සිවගේ,518
ශිවහ,ල‌ෙණ‌,518
ල‌ෙණ‌ෙ,සතරදෙස,518
චතු,සංඝයාට,518
දිශික,දෙන,518
ශගශ,ලදී.,518
,,526
(සංකේත,ල‌ෙණ‌,526
අංක,සංඝයාට,526
,,535
ගමික,ප්‍රධානි,535
වශ,වම්සගේ,535
පුතනු,පුතුන්,535
ගමික,වන,535
තිශ,ගම්,535
පුශ,ප්‍රධානි,535
ගමික,තිස්ස,535
අබහ,ඵුස්ස,535
ශිරිගුත,සහ,535
තෙරහ,ගම්,535
,,536
ගපති,චුලගේ,536
චුලශ,ල‌ෙණ‌,536
ල‌ෙණ‌ෙ,සංඝයාට,536
ශගශ,.,536
,,537
බත,සිවරක්ඛිතගේ,537
ශිවරකිතශ,ල‌ෙණ‌.,537
,,539
මනශ,ල‌ෙණ‌,539
ල‌ෙණ‌ෙ,සංඝයාට,539
ශගශ,දෙන,539
දිනෙ,ලදී.,539
,,544
ගමික,ප්‍රධානි,544
තිශ,තිස්සගේ,544
පුතහ,පුත්,544
බත,වන,544
තිශමිතහ,ප්‍රධානි,544
ල‌ෙණ‌ෙ,තිස්සමිත්තගේ,544
,,545
බමණ,අතිමතකගේ,545
අතිමතකහ,ල‌ෙණ‌,545
ල‌ෙණ‌ෙ,සංඝයාට,545
(ශගශ),.,545
,,546
ගපති,මැණික්කරු,546
මණිකර,තිස්සගේ,546
තිශහ,ල‌ෙණ‌,546
ල‌ෙණ‌ෙ,සංඝයාට,546
ශගශ,.,546
,,570
ශුමනගුත,තෙරුණ්ගේ,570
තෙරශ,ලෙණ,570
ලෙණෙ,සංඝයාට,570
ශගශ,.,570
,,571
සුමනගුත,තෙරුණ්ගේ,571
තෙරහ,මනාපදස්සන,571
ලෙණෙ,ලෙණ.,571
,,578
පරුමක,චුලුගේ,578
චුලු,භාර්යාව,578
ඣය,වන,578
ගමික,ගම්,578
වශබ,ප්‍රධානි,578
ඣිතය,වසභගේ,578
උපශික,දියණිය,578
තිශය,වන,578
ලෙණෙ,උපාසිකා,578
ශගශ,තිස්සාගේ,578
දිනෙ,ලෙණ,578
,,580
ගණක,රොහකගේ,580
රොහකශ,ලෙන,580
ලෙනෙ,සංඝයාට,580
ශගශ,පවරන,580
නියතෙ,ලදී.,580
,,581
ගමි[ක],ප්‍රධානි,581
කණ,කණ්හගේ,581
ඣිතය,දියණිය,581
උපශික,වන,581
තිශය,උපාසිකා,581
ලෙණෙ,තිස්සාගේ,581
ශගශ,ලෙණ,581
,,582
ගපිති,කුමාරතිස්සගේ,582
කුමරතිහ,පුත්,582
පුත,වන,582
චුඩ,චූල,582
කුමරහ,කුමාරගේ,582
අශෙ,සහ,582
දෙවහ,ආයුෂ්මන්ත,582
ලෙණෙ,දෙවගේ,582
ශගශ,ලෙණ,582
,,583
ශොණහ,ලෙණ,583
ලෙණෙ,සංඝයාට,583
ශගශ,.,583
,,584
දමගුත,තෙරුණ්ගේ,584
තෙරශ,ලෙණ.,584
,,585
වණිඣ,සුමනගේ,585
ශුමනහ,ලෙණ,585
ලෙණෙ,සංඝයාට,585
ශගශ,.,585
,,586
චුඩ,ප්‍රධානි,586
ගමිකහ,චුඩගේ,586
ලෙණෙ,ලෙණ,586
ශගශ,සංඝයාට,586
,,587
ගමික,ප්‍රධානි,587
අබහ,අභයගේ,587
ලෙණෙ,ලෙණ,587
ශගශ,සංඝයාට,587
,,588
මහතිශ,තෙරුණ්ගේ,588
තෙරහ,ලෙණ.,588
,,589
බමණ,සුම්මගේ,589
ශුමහ,ලෙණ,589
ලෙණෙ,සංඝයාට,589
ශගශ,.,589
,,591
වණිඣ,සුමනගේ,591
ශුමනහ,ලෙණ.,591
,,593
අනුරද,තෙරුණ්ගේ,593
තෙරහ,ද,593
ච,රන්කරු,593
තුලදර,සුමනගේ,593
පු[ත],ද,593
ශුමනහ,මනාපදස්සන,593
ච,නම්,593
මනපදශනෙ,ලෙන.,593
,,594
බත,සුමනගේ,594
ශුමනහ,සහ,594
පුත,ඔහු,594
ශුමනහ,පුත්,594
ශදය,සුමනගේ,594
ලෙණෙ,සාමූහික,594
ශගශ,දීමනාවක්,594
,,595
බත,සුමනගේ,595
ශුමනහ,ලෙණ.,595
,,604
අචරිය,පරාසරිගේ,604
පරාසරිස,ලෙණ.,604
,,611
බත,සුමනදත්තගේ,611
ශුමනදතශ,ලෙණ.,611
,,616
ගපති,යසොපාලගේ,616
යශොපල,පුත්,616
පුත,වන,616
ශොනශ,සොණගේ,616
ලෙණෙ,ලෙණ,616
ශගශ,සංඝයාට,616
දිනෙ,දෙන,616
,,623
ගමික,ප්‍රධානි,623
ශිව,සිවගේ,623
පුත,පුත්,623
ගමික,වන,623
කබොඣහ,ගම්,623
ලෙණෙ,ප්‍රධානි,623
,,626
බත,සිවගේ,626
ශිවහ,ලෙණ,626
ලෙණෙ,සංඝයාට,626
ශගශ,.,626
,,629
පරුමක,මිතගේ,629
මිත,පුත්,629
පුත,වන,629
බඩකරික,භාණ්ඩාගාරික,629
දතහ,දත්තගේ,629
,,638
ගුතශ,ලෙණ,638
ලෙණෙ,පැමිණියාවූත්,638
අග[ත],නොපැමිණියාවූත්,638
අනගත,සතරදෙස,638
චතු,සංඝයාට,638
දිශ,.,638
,,642
තොටගමිය,ගෘහපති,642
ගපති,ඔඣක,642
ඔඣක,තිස්සගේ,642
තිශ,පුත්,642
පුත,වන,642
උපශක,උපාසක,642
නට,නළු-තිස්සගේ,642
තිශශ,පරිත්‍යාගය,642
දනෙ,සංඝයාට,642
ශගශ,පිහිටුවී.,642
,,656
බමණ,මරුකූටහි,656
මරුකුට,ගොතමගේ,656
ගොතමශ,ලෙණ,656
ලෙණෙ,පැමිණියාවූත්,656
අගත,නොපැමිණියාවූත්,656
අනගත,සතරදෙස,656
චතු,සංඝයාට,656
දිශ,.,656
,,657
බත,වම්සගේ,657
වශහ,සුවති,657
වඩක,වඩුවාගේ,657
ශුවතිය,ලෙණ.,657
,,658
පරුමක,චෙමගේ,658
චෙම,(ක්ශේම),658
පුත,පුත්,658
පරුමක,වන,658
පුශදෙවහ,ප්‍රමුඛ,658
ලෙණෙ,ඵුස්සදේවගේ,658
යෙ,ලෙණ,658
,,659
ගමික,ප්‍රධානි,659
උතර,උත්තරගේ,659
පුත,පුත්,659
ගමික,වන,659
පුශදෙවහ,ගම්,659
ලෙණෙ,ප්‍රධානි,659
මනපදශනෙ,ඵුස්සදේවගේ,659
ශගශ,මනාපදස්සන,659
,,668
පුණ,තේරුණ්ගේ,668
තෙරහ,ශිෂ්‍ය,668
ශදිවිහරිය,ප්‍රධානි,668
බත,සංඝරක්ඛිතගේ,668
ශගරකිතහ,ලෙණ,668
ලෙණෙ,සංඝයාට,668
ශගශ,.,668
,,670
චුඩ,තෙරුණ්ගේ,670
බුදරකිත,අතවැසි,670
තෙරහ,වූ,670
අතෙවශික,ප්‍රධානි,670
බත,තිස්සගේ,670
තිශහ,ලෙණ.,670
,,673
ගණක,රකිගේ,673
රකිය,සහ,673
උපශික,උපාසිකා,673
තිශය,තිස්සාගේ,673
අඝත,පැමිණියාවූත්,673
අනගත,නොපැමිණියාවූත්,673
ශගශ,සංඝයාට,673
,,675
උපශක,දත්තගේ,675
දතහ,ලෙණ.,675
,,680
චුඩ,ලෙණ,680
දතහ,සංඝයාට,680
ලෙණෙ,.,680
,,681
උපශක,නන්දගේ,681
නදහ,ලෙණ,681
ලෙණෙ,සංඝයාට,681
ශගශ,.,681
,,682
වශ,තෙරුණ්ගේ,682
තෙරහ,ශිෂ්‍ය,682
ශදිවිහරිය,ධම්මගුත්ත,682
දමගුත,තෙරුණ්ගේ,682
තෙරහ,ලෙණ.,682
,,689
බත,කණ්හගුත්තගේ,689
කණගුතශ,මහාසුදස්සන,689
මහසුදශනෙ,නම්,689
ලෙණෙ,ලෙණ,689
ශගශ,සංඝයාට,689
,,690
ගමික,ප්‍රධානි,690
කණ,කණ්හගේ,690
පුත,පුත්,690
ගමික,වන,690
ශදනශ,ගම්,690
ලෙණනි,ප්‍රධානි,690
ශගශ,සදනගේ,690
දිනනි,ලෙණ්,690
,,692
ගපති,රෙතගේ,692
රෙතශ,ලෙණ,692
ලෙණෙ,වෙයි.,692
,,693
උපශක,සමුද්දගේ,693
ශමුදහ,ලෙණ,693
ලෙණෙ,සංඝයාට,693
ශගශ,.,693
,,695
උපශක,කචලිගේ,695
කචලිය,ලෙණ.,695
,,700
දෙවරකිතශ,සහ,700
ච,ධම්ම,700
දමතෙරශ,තෙරුණ්ගේ,700
ච,ලෙණ.,700
,,701
බත,සුරියගුත්තගේ,701
ශුරිගුතහ,ලෙණ.,701
,,710
බත,ප්‍රධානි,710
කුමරදතශ,කුමාරදත්තගේ,710
ලෙණෙ,ලෙණ,710
ශගශ,සංඝයාට,710
දිනි,දෙන,710
,,711
ගපති,කුණිකතිස්සගේ,711
කුණික,පුත්,711
තිශ,වන,711
පුත,උපාසක,711
උපශක,යසස්සිගේ,711
යහශිය,ලෙණෙ.,711
,,712
පරුමක,පුලයගේ,712
පුලය,පුත්,712
පුත,වූ,712
පරුමක,ප්‍රමුඛ,712
උතර,උත්තරගේ,712
පුත,පුත්,712
පරුමක,වන,712
දතශ,ප්‍රමුඛ,712
කුමි,දත්තගේ,712
ලෙණෙ,කුඩා,712
ච,දිය,712
ශගශ,පොකුණ,712
දිනෙ,සහ,712
,,714
බත,දින්නගේ,714
දිනශ,ලෙණ.,714
ලෙණෙ,සුදස්සන,714
ශුදශනෙ,සංඝයාට,714
ශගශ,.,714
,,715
පුශගුත,තෙරුන්,715
තෙරෙන,විසින්,715
ඛරපිතෙ,කරවන,715
ලෙණෙ,ලද,715
ධශදිශතො,ලෙණ,715
ශගශ,දසදිසාවෙහි,715
ඵරිබොගයෙ,සංඝයාගේ,715
ධිනෙ,පරිභෝජනය,715
,,716
මිතගුත,තෙරුණ්ගේ,716
තෙරශ,පරිත්‍යාගය,716
දනෙ,පැමිණියාවූත්,716
අගත,නොපැමිණියාවූත්,716
අනගත,සංඝයාට,716
ශගශ,දෙන,716
දිනෙ,ලදී.,716
,,717
බත,ධම්මරක්ඛිත,717
දමරකිතෙන,කරවන,717
කරපිතෙ,ලද,717
ශගශ,සංඝයාට,717
,,718
බත,නාගගේ,718
නගශ,ලෙණ,718
ලෙණෙ,සංඝයාට,718
ශගශ,දෙන,718
දිනෙ,ලදී.,718
,,719
ගමික,ප්‍රධානි,719
රෙතහ,රෙතගේ,719
ලෙණෙ,(රේවත),719
ශගශ,ලෙණ,719
,,722
පරුමක,දත්තගේ,722
දතහ,ලෙණ,722
ලෙණෙ,සංඝයාට,722
ශගශ,.,722
,,723
පරුමක,ධනමිත්තගේ,723
දනමිතශ,ලෙණ.,723
,,726
පුගියන,සාමාජිකයින්ගේ,726
ලෙණෙ,ලෙණ,726
ශගශ,සංඝයාට,726
දිනෙ,දෙන,726
,,728
ශුමනගුතහ,ලෙණ.,728
,,729
ච,සහ,729
ලෙ,ගණකාධිකාරී,729
ගණක,තිස්සගේ,729
...........,ලෙණ.,729
,,730
ගමික,ප්‍රධානි,730
තින,තිනගේ,730
ලෙණෙ,ලෙණ.,730
,,731
බත,ඵුස්සගේ,731
පුශහ,ලෙණසතරදෙස,731
ලෙණෙ,සංඝයාට,731
චතු,.,731
,,732
ශුමන,තෙරුණ්ගේ,732
තෙරහ,සහ,732
ච,නුගුය,732
නුගුය,තෙරුණ්ගේ,732
තෙරහ,ලෙණ.,732
,,741
ශගශ,දෙන,741
දිනෙ,ලද්දේ,741
උපශක,උපාසක,741
ශුමනශ,සුමනගේ,741
ලෙණෙ,ලෙණ,741
,,756
රඣ,රජුගේ,756
ශිවශ,පරිත්‍යාගය;,756
දනෙ,වංස,756
වශ,තෙරුණ්ගේ,756
තෙරශ,ලෙණ.,756
,,765
.............,පුත්,765
[පු]ත,වන,765
පුශදෙවශ,ඵුස්සදේවගේ,765
ලෙණෙ,ලෙණ,765
ශගශ,සංඝයාට,765
,,772
ශගශ,ප්‍රමුඛ,772
පරුමක,ඵුස්සගේ,772
පුශ,පුත්,772
පුත,වන,772
පරුමක,ප්‍රමුඛ,772
ශුදෙවහ,සුදෙවගේ,772
ලෙණෙ,ලෙණ.,772
,,783
උපශක,මොරිය,783
මෙරය,තිස්සගේ,783
තිශහ,ලෙණ,783
ලෙණෙ,සංඝයාට,783
ශගශ,දෙන,783
නියතෙ,ලදී.,783
,,800
ගපති,උපාසක,800
උපශක,රකිගේ,800
රකි,පුත්,800
පුත,වන,800
බත,ප්‍රධානි,800
තිශහ,තිස්සගේ,800
ලෙණෙ,ලෙණ,800
අගත,පැමිණියාවූත්,800
අනගත,නොපැමිණියාවූත්,800
චතු,සතරදෙස,800
දිශ,සංඝයාට,800
ශගශ,දෙන,800
,,801
පරුමක,රොකගේ,801
රොක,පුත්,801
පුත,වන,801
පරුමක,ප්‍රමුඛ,801
තිශ,තිස්සගේ,801
පුත,පුත්,801
පරුමක,වූ,801
ශදීලශ,ප්‍රමුඛ,801
ලෙණෙ,සදිලගේ,801
අගත,ලෙණ,801
අනගත,පැමිණියාවූත්,801
චතු,නොපැමිණියාවූත්,801
දිශ,සතරදෙස,801
ශගශ,සංඝයාට,801
,,804
පරුමක,උත්තරගේ,804
උතර,පුත්,804
පුත,වන,804
පරුමක,ප්‍රමුඛ,804
අනුඩිය,අනුඩිගේ,804
ලෙණෙ,ලෙණ.,804
,,809
දමරකිතශ,ලෙණ,809
ලෙණෙ,සංඝයාට,809
ශගශ,.,809
,,814
පොචනි,රජ,814
රඣ,නාගගේ,814
නගයහ,භාර්යාව,814
ඣය,වූ,814
බමණ,බ්‍රාහ්මණ,814
කොඣර,කොඣරගේ,814
ඣිතය,දියණිය,814
උපශික,වන,814
දතය,උපාසිකා,814
ලෙණෙ,දත්තාගේ,814
,,816
පරුමක,අනුරාධගේ,816
අනුරදශ,පරිත්‍යාගයක්,816
දනෙ,වන,816
[ශි]ල,ශෛල,816
පශදෙ,පාසාදය,816
ශගයෙ,සංඝයාට,816
දිනෙ,.,816
,,817
ඉදශල,සංඝයාට.,817
,,824
පටල,සුමනගේ,824
ශුමනහ,ලෙණ.,824
,,831
පචින,රජුගේ,831
රඣ,පුත්,831
පුත,වන,831
තිශයහ,තිස්ස,831
ලෙණෙ,කුමරුගේ,831
අගත,ලෙණ,831
අනගත,පැමිණියාවූත්,831
චතු,නොපැමිණියාවූත්,831
දිශ,සතරදෙස,831
ශගශ,සංඝයාට,831
දිනෙ,දෙන,831
,,844
ගහපති,සාතගේ,844
ශතහ,ලෙණ,844
ලෙණෙ,සංඝයාට,844
ශගශ,.,844
,,845
අනද,තෙරුණ්ගේ,845
තෙරශ,සද්ධිවිහාරිකයින්ගේ,845
ශදිවිහරියන,ලෙණ.,845
,,847
පරුමක,චිරෙචේ,847
චීරෙචෙ,සුමනගේ,847
ශුමනහ,ලෙණ.,847
,,848
පරුම[ක,සොණාගේ,848
සො]ණහ,ලෙණ,848
ලෙ[ණෙ],සංඝයාට,848
ශගශ,.,848
,,850
දමරකිත,තෙරුණ්ගේ,850
තෙරහ,ලෙණ,850
ලෙණෙ,සංඝයාට,850
ශගශ,දෙන,850
දිනෙ,ලදී.,850
,,851
බත,ධම්මරක්ඛිතගේ,851
දමරකිතහ,ලෙණ්,851
නව,නවය.,851
,,852
තිශගුත,තෙරුණ්ගේ,852
තෙරහ,ශිෂ්‍ය,852
ශදිවිහරිය,වූ,852
බත,මජ්ඣිම,852
මඣිම,දේශක,852
බණක,ප්‍රධානි,852
තිශහ,තිස්සගේ,852
ලෙණෙ,ලෙණ,852
ශුදශනෙ,පැමිණියාවූත්,852
අගත,නොපැමිණියාවූත්,852
අනගත,සතරදෙස,852
චතු,සංඝයාට,852
දිශ,.,852
,,859
,,861
මහතිශහ,ලෙණ.,861
,,862
බත,ධම්මසෙනගේ,862
දමශෙනෙ,ලෙණ.,862
,,863
බත,ඵුස්සගුත්තගේ,863
පුශගුතශ,ලෙණ.,863
,,864
ඣමත,ලෙණ,864
චුඩහ,සංඝයාට,864
ගපති,දෙන,864
පුශහ,ලදී,864
චුඩහ,ගෘහපති,864
පුත,ඵුස්සගේ,864
මහතිශහ,සහ,864
ලෙණෙ,චුඩගේ,864
ශගශ,පුත්,864
,,867
පරුම[ක],කඩිගේ,867
කඩිය,පුත්,867
පුත,............,867
,,868
පරුමක,තිරිගේ,868
තිරි,පුත්,868
පුත,වන,868
අබිඣිය,අභිජිත්ගේ,868
ලෙණෙ,ලෙණ.,868
,,869
පරුමක,නගුලිගේ,869
නගුලිය,(ලාංගලී),869
ලෙණෙ,ලෙණ.,869
,,870
පරුමක,තිස්සගේ,870
තිශ,පුත්,870
පුත,බ්‍රහ්මදත්තගේ,870
බමදතහ,ලෙණ.,870
,,872
උපශක,උත්තරගේ,872
උතරහ,ලෙණ.,872
,,875
අබහ,ද,875
ච,භාර්යාව,875
ඣය,රුලගේ,875
රුලය,ලෙණ.,875
,,876
බත,තිස්සගේ,876
තිශහ,ලෙණ.,876
,,877
ශුමනගුත,තෙරුණ්ගේ,877
තෙරහ,ලෙණ,877
ලෙණෙ,පැමිණියාවූත්,877
අගත,නොපැමිණියාවූත්,877
අනගත,සතරදෙස,877
චතු,සංඝයාට,877
දිශ,.,877
,,878
පරුමක,දුටික,878
දුටික,තිස්සගේ,878
තිශහ,ලෙණ,878
ලෙණෙ,සංඝයාට,878
ශගශ,.,878
,,880
ගමික,ප්‍රධානි,880
වෙල,වෙලගේ,880
ඣිත,දියණිය,880
දමය,වන,880
ලෙණෙ,ධම්මාගේ,880
ශගශ,ලෙණ,880
,,885
අගියහ,ලෙණ.,885
,,906
උපශක,සිවගේ,906
ශිවහ,;,906
ගපිති,ගෘහපති,906
චිතහ,චිත්තගේ.,906
,,914
ගමික,ප්‍රධානි,914
ශිව,සිවගේ,914
පුත,පුත්,914
ගමික,වන,914
කණතිශහ,ගම්,914
ලෙණෙ,ප්‍රධානි,914
,,915
තිශගුත,තෙරුණ්ගේ,915
තෙරශ,ලෙණ.,915
,,918
බත,ඵුස්සගේ,918
පුශහ,ලෙණ,918
ලෙණෙ,සංඝයාට,918
ශගශ,.,918
,,922
පරුමක,උදයගේ,922
උදයහ,නාගදත්තගේ,922
නගදතහ,ලෙණ,922
ලෙණෙ,සංඝයාට,922
ශගශ,.,922
,,924
පරුමක,තිස්සගේ,924
තිශ,පුත්,924
පුත,වන,924
පරුමක,ප්‍රමුඛ,924
ශොණශ,සොණගේ,924
,,926
රොණිගුත,තෙරුන්ගේ,926
තෙරශ,ශිෂ්‍ය,926
අතිවශික,ප්‍රධානි,926
බත,සොණගුත්තගේ,926
ශොණගුතහ,ලෙණ.,926
,,927
අශ,බුද්ධරක්ඛිතගේ,927
බුදරකිතශ,ලෙණ.,927
,,928
පරුමක,චෙමගේ,928
[චෙ]මහ,ලෙණ,928
ලෙණෙ,සංඝයාට,928
ශගශ,.,928
,,929
උපශක,සොණාගේ,929
ශොණහ,ලෙණ.,929
,,930
බත,ගුත්තගේ,930
ගුතහ,ලෙණ,930
ලෙණෙ,සංඝයාට,930
ශගශ,.,930
,,931
පරුමක,සුමනගේ,931
ශුමන,පුත්,931
පුත,වන,931
බත,ප්‍රධානි,931
උතරිහ,උතරිගේ,931
,,958
උතියහ,කුමරුගේ,958
අයක,අදායම්,958
පරුමක,පාලක,958
නග,ප්‍රමුඛ,958
කුලහ,නාගගේ,958
ලෙණෙ,කුලයේ,958
ශගශ,ලෙණ.,958
,,980
ගමික,කුබිලිගේ,980
කුබිලිය,ලෙණපැමිණියාවූත්,980
ලෙණෙ,නොපැමිණියාවූත්,980
අගත,සතරදෙස,980
අනගත,සංඝයාට,980
චතු,.,980
,,989
බරත,සුජාත,989
සුඣත,කරවන,989
කරිත,ලද,989
ලෙණනි,ලෙණ්.,989
,,991
අචිරිය,කණ්හගුත්තගේ,991
කණගුතශ,ලෙණ.,991
,,997
[මි]නමතහ,ඇමතිගේ,997
ලෙණෙ,ලෙණ.,997
,,1008
පරුමක,තිස්සගේ,1008
තිශ,පුත්,1008
පුත,වන,1008
පරුමක,ප්‍රමුඛ,1008
නගහ,නාගගේ,1008
ලෙණෙ,ලෙණ,1008
අගත,පැමිණියාවූත්,1008
අනගත,නොපැමිණියාවූත්,1008
චතු,සතරදෙස,1008
දිශ,සංඝයාට,1008
ශගශ,.,1008
,,1017
කණිකණටිය,හි,1017
ගමික,ගම්,1017
තිශ,ප්‍රධානි,1017
පුත,තිස්සගේ,1017
ගමික,පුත්,1017
දරක,වන,1017
තිශහ,ගම්,1017
ලෙණෙ,ප්‍රධානි,1017
අගත,දාරක,1017
අනගත,තිස්සගේ,1017
චතු,ලෙණ,1017
දිශ,පැමිණියාවූත්,1017
ශගශ,නොපැමිණියාවූත්,1017
,,1027
දෙවනපිය,කුමරුගේ,1027
මහරඣ,ලෙණ,1027
ගමණි,ආදී,1027
අබයශ,වශයෙන්.,1027
,,1028
මහරඣහ,පුත්,1028
පුත,වන,1028
තිශයහ,තිස්ස,1028
බරියන,කුමරුගේ,1028
ලෙණෙ,භාර්යාවන්ගේ,1028
සවතොභදෙ,සවතොභද,1028
අගත,ලෙණ,1028
අනගත,පැමිණියාවූත්,1028
චතු,නොපැමිණියාවූත්,1028
දිශික,සතරදෙස,1028
ශඝශ,සංඝයාට,1028
,,1029
පරුමක,දත්තගේ,1029
දතහ,දෙව‍රමණ,1029
ලෙණෙ,ලෙණ,1029
දෙවරමණ,සංඝයාට,1029
ශගශ,.,1029
,,1030
පරුමක,තිස්ස............,1030
,,1031
උපශක,සුමනගේ,1031
ශුමනහ,පටිභානකූට,1031
ලෙණෙ,ලෙණ,1031
පටිබනකුටෙ,සංඝයාට,1031
ශගශ,.,1031
,,1035
මහරඣහ,පත්කළ,1035
පණිත,භාණ්ඩාගාරික,1035
බඩකරික,සුමනගේ,1035
පරුමක,.,1035
,,1037
බම,නගරය,1037
නගර,භුක්තිවිඳින්නා,1037
බොඣික,වූ,1037
පරුමක,ප්‍රමුඛ,1037
රොණහ,රොහණගේ,1037
ලෙණෙ,ලෙණ.,1037
,,1038
ගපති,මූලගේ,1038
මුල,පුත්,1038
පුතහ,වන,1038
උපශක,උපාසක,1038
ශොණහ,සොණගේ,1038
ලෙණෙ,ලෙණ.,1038
,,1039
උපශක,මහානාගගේ,1039
මහනගහ,සහ,1039
ච,උපාසක,1039
උපශක,තිස්සගේ,1039
තිශහ,ද,1039
ච,ලෙණ.,1039
,,1041
ගමික,ප්‍රධානි,1041
මඣිමහ,මජ්ඣිමගේ,1041
පුත,පුත්,1041
ගමික,වන,1041
මිතහ,ගම්,1041
ලෙණෙ,ප්‍රධානි,1041
,,1060
මහරඣශ,ප්‍රියවූ,1060
දෙවනපියහ,මහරජුගේ,1060
අචිරිය,ආචාර්ය,1060
බමණ,බ්‍රාහ්මණ,1060
ගොබුතිය,ගොභූතිගේ,1060
ලෙණෙ,ලෙණ.,1060
,,1065
බමණ,ඵුස්සකගේ,1065
පුශක,පුත්,1065
පුතහ,වන,1065
පුනශුගුතහ,පුනභසුගුත්තගේ,1065
ලෙණෙ,ලෙණ.,1065
,,1066
බුදරකිත,තෙරුණ්ගේ,1066
තෙරහ,ලෙණ,1066
ලෙණෙ,ම.................,1066
,,1067
අශිය,සිවභූතිගේ,1067
ශිවබුතිය,ලෙණ.,1067
,,1068
පුශ,තෙරුණ්,1068
තෙරහ,කරවන,1068
කරිතෙ,ලද,1068
ශගශ,සංඝයාට,1068
,,1069
බත,සිවභූති,1069
ශිවබුති,ගේ,1069
ච,සහ,1069
පරුමක,ප්‍රමුඛ,1069
[ශු]මන,සුමනගුත්තගේ,1069
ගුතහ,ද,1069
ච,සම,1069
ශදය,දීමනාව,1069
ලෙණෙ,වූ,1069
,,1070
උපශක,ගණකාධිකාරී,1070
ගණක,භූතගේ,1070
බුතහ,ලෙණ,1070
ලෙණෙ,සංඝයාට,1070
ශගශ,.,1070
,,1071
පරුමක,සුඛදගේ,1071
ශුකද,පවුලේ,1071
කුලහ,ලෙණ.,1071
,,1072
දමරකිත,තෙරුණ්ගේ,1072
තෙරහ,ලෙණ,1072
ලෙණෙ,සංඝයාට,1072
ශගශ,.,1072
,,1075
බත,සුමනගේ,1075
ශුමනහ,ලෙණ.,1075
,,1078
වදශ,ලෙණ.,1078
,,1079
දතහ,ලෙණ.,1079
,,1081
උපශික,කස්සපිගේ,1081
කශබිය,ලෙණ,1081
ලෙණෙ,සංඝයාට,1081
ශගශ,.,1081
,,1084
බත,දෙවගේ,1084
දෙවහ,ලෙණ.,1084
,,1085
පරුමක,නාගගේ,1085
නගහ,ලෙණ.,1085
,,1086
උපශික,සුභාගාගේ,1086
ශුබගය,සංඝයාට,1086
ශගශ,.,1086
පරුමක,ප්‍රමුඛ,1086
ශුමහ,සුම්මගේ.,1086
,,1087
චුඩතිශහ,ලෙණ,1087
ලෙණෙ,සංඝයාට,1087
ශගශ,.,1087
,,1088
පරුමක,සුමනගේ,1088
ශුමන,පුත්,1088
පුතහ,වන,1088
චුඩ,චූළ,1088
ශුමනහ,සුමනගේ,1088
ලෙණෙ,ලෙණ,1088
බත,;,1088
තිශගුතහ,ප්‍රධානි,1088
ච,තිස්සගුත්තගේ,1088
ලෙණෙ,ද,1088
,,1090
ඣිත,තෙරුණ්ගේ,1090
තෙරහ,මහාසුදස්සන,1090
මහශුදශනෙ,නම්,1090
උපශික,ලෙණ,1090
තිශය,සහ,1090
තෙරහ,උපාසිකා,1090
නග,තිස්සාගේ,1090
ලෙණෙ,තෙරුණ්ගේ,1090
,,1093
බත,සොණගේ,1093
ශොණහ,ලෙණ.,1093
,,1094
ගමික,ප්‍රධානි,1094
තිශහ,තිස්සගේ.,1094
,,1097
පරුමක,සිවගේ,1097
ශිවහ,ද,1097
ච,ප්‍රධානි,1097
බත,අයිමරගේ,1097
අයිමරහ,ද,1097
ච,ලෙණ.,1097
,,1103
මහරඣහ,දියණිය,1103
ඣිත,වන,1103
මහබිය,මහබිගේ,1103
ලෙණෙ,ලෙණ,1103
අගත,පැමිණියාවූත්,1103
අනගත,නොපැමිණියාවූත්,1103
චතු,සතරදෙස,1103
දිශ,සංඝයාට,1103
ශගශ,පවරා,1103
නියතෙ,දෙන,1103
,,1155
උපසක,වසගේ,1155
වසහ,ලෙණ,1155
ලෙණෙ,සංඝයාට,1155
සග,පවරා,1155
නියතෙ,දෙන,1155
,,1171
[පරුමක],යාගදත්තගේ,1171
යකදතහ,පුත්,1171
පුතහ,වන,1171
පරුමක,ප්‍රමුඛ,1171
වහබහ,වසභගේ,1171
ලෙණෙ,ලෙණ,1171
චතු,සතරදෙස,1171
දිසික,සංඝයාට,1171
සගස,පවරා,1171
නියතෙ,දෙන,1171
,,1172
තිශ,තෙරුණ්ගේ,1172
තෙරහ,ලෙණ,1172
ලෙණෙ,සතරදෙස,1172
චදු,භික්ෂු,1172
දිසික,සංඝයාට,1172
බිකු,පරිත්‍යාග,1172
සගයෙ,කරන,1172
නියතෙ,ලදී.,1172
පිතහ,උපාසක,1172
උපසක,නාගගේ,1172
නකහ,පියාණන්ගේ,1172
ලෙණෙ,ලෙණ.,1172
,,1188
පරුමක,තිස්සගේ,1188
තිසහ,ලෙණ,1188
ලෙණෙ,සංඝයාට,1188
සගස,.,1188
,,1191
සුම,තෙරුණ්ගේ,1191
තෙරහ,............,1191
,,1203
සිදම්,වේවා,1203
[|],!මයහල,1203
මයහල,හි,1203
වසික,වාසය,1203
............,කරන,1203
,,1221
පරුමක,චිත්තගේ,1221
චිතහ,ලෙණ,1221
ලෙණෙ,සංඝයාට,1221
සගස,.,1221
,,1231
අමතෙ,වහිටිමතගේ,1231
වහිටිමතහ,ලෙණ.,1231
,,1232
උපසික,සුම්මාගේ,1232
හුමය,ලෙණ.,1232
